{
  "assists": 11.916969320870306,
  "deaths": 6.22005425879236,
  "gold_per_min": 446.06352300727474,
  "hero_damage": 13181.921959370318,
  "hero_healing": 509.0951060059975,
  "kills": 7.695806446204309,
  "tower_damage": 1642.035386977122,
  "xp_per_min": 506.49125883262064
}