{"allDamageDoneAvgPer10Min": 837373, "barrierDamageDoneAvgPer10Min": 245663, "deathsAvgPer10Min": 473.43999999999994, "eliminationsAvgPer10Min": 1395.3700000000001, "finalBlowsAvgPer10Min": 557.6000000000001, "healingDoneAvgPer10Min": 360819.77999999997, "heroDamageDoneAvgPer10Min": 557968, "objectiveKillsAvgPer10Min": 458.0400000000001, "objectiveTimeAvgPer10Min": 4238, "score": 40024.332435119235, "soloKillsAvgPer10Min": 69.87, "timeSpentOnFireAvgPer10Min": 4934}