{"assists": 5958.484660435153, "deaths": 3110.02712939618, "gold_per_min": 223031.76150363736, "hero_damage": 6590960.979685159, "hero_healing": 254547.55300299873, "kills": 3847.9032231021547, "tower_damage": 821017.693488561, "xp_per_min": 253245.62941631032}