{"normal": {"allDamageDoneAvgPer10Min": 657877.5, "barrierDamageDoneAvgPer10Min": 143475.105, "deathsAvgPer10Min": 479.505, "eliminationsAvgPer10Min": 1316.6099999999994, "finalBlowsAvgPer10Min": 646.15, "healingDoneAvgPer10Min": 195389.93499999997, "heroDamageDoneAvgPer10Min": 495973.5, "objectiveKillsAvgPer10Min": 392.15999999999997, "objectiveTimeAvgPer10Min": 3466.5, "soloKillsAvgPer10Min": 158.82500000000005, "timeSpentOnFireAvgPer10Min": 5419.5, "count": 69}, "damage": {"allDamageDoneAvgPer10Min": 651812.669197117, "barrierDamageDoneAvgPer10Min": 136539.82248842824, "deathsAvgPer10Min": 598.0683148443753, "eliminationsAvgPer10Min": 1438.4942442325275, "finalBlowsAvgPer10Min": 850.6077690182863, "healingDoneAvgPer10Min": 26054.994053330276, "heroDamageDoneAvgPer10Min": 519875.45504867914, "objectiveKillsAvgPer10Min": 393.9740504440344, "objectiveTimeAvgPer10Min": 2497.1693552112147, "soloKillsAvgPer10Min": 263.25521245791697, "timeSpentOnFireAvgPer10Min": 5639.0130282311875, "count": 69}, "support": {"allDamageDoneAvgPer10Min": 363356.37513605447, "barrierDamageDoneAvgPer10Min": 77979.9178639456, "deathsAvgPer10Min": 502.1156179138323, "eliminationsAvgPer10Min": 981.7391462585032, "finalBlowsAvgPer10Min": 366.9318795351474, "healingDoneAvgPer10Min": 435340.85816326534, "heroDamageDoneAvgPer10Min": 290000.2696371882, "objectiveKillsAvgPer10Min": 299.907675170068, "objectiveTimeAvgPer10Min": 2966.4079365079374, "soloKillsAvgPer10Min": 81.73163520408164, "timeSpentOnFireAvgPer10Min": 5269.899348072564, "count": 67}, "tank": {"allDamageDoneAvgPer10Min": 658631.4665509259, "barrierDamageDoneAvgPer10Min": 177325.17136243387, "deathsAvgPer10Min": 502.3988733465606, "eliminationsAvgPer10Min": 1370.8480464616403, "finalBlowsAvgPer10Min": 636.8849694113758, "healingDoneAvgPer10Min": 35695.96522751323, "heroDamageDoneAvgPer10Min": 490065.9498346561, "objectiveKillsAvgPer10Min": 416.4960659722221, "objectiveTimeAvgPer10Min": 4374.556911375661, "soloKillsAvgPer10Min": 138.26574702380952, "timeSpentOnFireAvgPer10Min": 5324.369295634921, "count": 68}}