{"allDamageDoneAvgPer10Min": 10670.92857142857, "barrierDamageDoneAvgPer10Min": 3107.6428571428573, "deathsAvgPer10Min": 5.927142857142857, "eliminationsAvgPer10Min": 17.80821428571429, "finalBlowsAvgPer10Min": 7.217023809523811, "healingDoneAvgPer10Min": 4240.1335714285715, "heroDamageDoneAvgPer10Min": 7145.761904761905, "objectiveKillsAvgPer10Min": 5.7911904761904776, "objectiveTimeAvgPer10Min": 53.04761904761905, "soloKillsAvgPer10Min": 0.9164285714285716, "timeSpentOnFireAvgPer10Min": 62.45238095238095}